{"cameraMode":{"drawMode":0,"name":"Shaded","section":"Shading Mode"},"sceneLighting":true,"audioPlay":false,"sceneViewState":{"showFog":true,"showMaterialUpdate":false,"showSkybox":true,"showFlares":true,"showImageEffects":true,"showParticleSystems":true},"in2DMode":false,"pivot":{"x":490.51580810546877,"y":359.8712158203125,"z":-205.97372436523438},"rotation":{"x":-0.27527448534965517,"y":-0.028541941195726396,"z":0.008176207542419434,"w":-0.9609095454216003},"size":152.58486938476563,"orthographic":false}