{"cameraMode":{"drawMode":0,"name":"Shaded","section":"Shading Mode"},"sceneLighting":true,"audioPlay":false,"sceneViewState":{"showFog":true,"showMaterialUpdate":false,"showSkybox":true,"showFlares":true,"showImageEffects":true,"showParticleSystems":true},"in2DMode":false,"pivot":{"x":327.3037414550781,"y":450.7330627441406,"z":120.6407699584961},"rotation":{"x":0.012579518370330334,"y":-0.818305253982544,"z":0.5743692517280579,"w":0.01792224496603012},"size":348.921630859375,"orthographic":false}